{"accuracy": [0.9591009020805359, 0.9621310234069824, 0.961604654788971, 0.9658154845237732, 0.9638665914535522, 0.9644071459770203, 0.9660431146621704, 0.9674798846244812, 0.9708656668663025, 0.9673376679420471], "loss": [0.1319485753774643, 0.12288817018270493, 0.12483030557632446, 0.11124614626169205, 0.11997243016958237, 0.12137023359537125, 0.11562563478946686, 0.10954920947551727, 0.09984595328569412, 0.10914428532123566], "val_accuracy": [0.9241976141929626, 0.894206702709198, 0.9139540195465088, 0.9207830429077148, 0.8935806751251221, 0.8974505066871643, 0.919360339641571, 0.9128158688545227, 0.9247097373008728, 0.9076940417289734], "val_loss": [0.27461186051368713, 0.3996746242046356, 0.328759104013443, 0.3106561303138733, 0.4194521903991699, 0.3907822072505951, 0.3346419930458069, 0.40055665373802185, 0.3293423056602478, 0.4050058424472809]}